[{"ID":1, "StaffId":"ADU864054", "FirstName":"ChangedFirst", "LastName":"ChangedLast", "Email":"treehays@email.com", "PhoneNumber":"08066117783", "Pin":"pin", "Post":""},
 {"ID":5, "StaffId":"AUI988844", "FirstName":"ChangedFirst", "LastName":"ChangedLast", "Email":"sare", "PhoneNumber":"sdfg", "Pin":"pin", "Post":"we"},
 {"ID":6, "StaffId":"AAY278748", "FirstName":"Crescent", "LastName":"Smigo", "Email":"smith273@gmail.com", "PhoneNumber":"09063431274", "Pin":"adeyemi", "Post":"CTO"},
 {"ID":7, "StaffId":"AWG483212", "FirstName":"Sam", "LastName":"adeyemi", "Email":"samDel@gmail.com", "PhoneNumber":"0932343232", "Pin":"pin", "Post":""},
 {"ID":8, "StaffId":"AIJ778804", "FirstName":"tree", "LastName":"yhre", "Email":"sadfd", "PhoneNumber":"087372", "Pin":"pin", "Post":"post"},
 {"ID":9, "StaffId":"AFG650163", "FirstName":"kfsghf", "LastName":"dfisgsfid", "Email":"fsidgk", "PhoneNumber":"fsidgk", "Pin":"pin", "Post":"eofhubsd"},
 {"ID":10, "StaffId":"APN127792", "FirstName":"khsjdfsd", "LastName":"", "Email":"ggfdhdg", "PhoneNumber":"hgdsdf", "Pin":"fhgfdsgf", "Post":"fgsgf"},
 {"ID":11, "StaffId":"ALD841804", "FirstName":"Abdulsalam", "LastName":"Abdulmuiz", "Email":"aoabdulsalam@gmail.com", "PhoneNumber":"09087643746", "Pin":"1234", "Post":"Manager"},
 {"ID":12, "StaffId":"AXM215320", "FirstName":"khalid", "LastName":"Arapaja", "Email":"araraklid@gmail.com", "PhoneNumber":"08076235326", "Pin":"pin", "Post":"Amin"},
 {"ID":13, "StaffId":"AFB119235", "FirstName":"Ajibike", "LastName":"Abdulqayyumm", "Email":"mafoloqayyum@gmail.com", "PhoneNumber":"0901223843", "Pin":"pin", "Post":"CTO"},
 {"ID":14, "StaffId":"AXL162439", "FirstName":"Agbajelola ", "LastName":"Mustaeenah", "Email":"mustaeenaholadayo@gmail.com", "PhoneNumber":"0908735234", "Pin":"musty", "Post":"President"},
 {"ID":15, "StaffId":"AMB379746", "FirstName":"Testing", "LastName":"test", "Email":"mad", "PhoneNumber":"09239843", "Pin":"1234", "Post":"Manager"},
 {"ID":16, "StaffId":"AXF854472", "FirstName":"firstName0", "LastName":"lastName0", "Email":"email0", "PhoneNumber":"phoneNumber0", "Pin":"pin0", "Post":"post0"},
 {"ID":17, "StaffId":"email1", "FirstName":"phoneNumber1", "LastName":"AUW896268", "Email":"firstName1", "PhoneNumber":"lastName1", "Pin":"pin1", "Post":"post1"},
 {"ID":18, "StaffId":"AIE1033234", "FirstName":"David", "LastName":"Mathirs", "Email":"emaildavid@gmail.com", "PhoneNumber":"08065687548", "Pin":"wet", "Post":"Massenger"},
 {"ID":19, "StaffId":"AYI676951", "FirstName":"Adegboyega", "LastName":"Abdullah", "Email":"adebullah@gmail.com", "PhoneNumber":"08034759832", "Pin":"YeaRMandela", "Post":"Reseller"},
 {"ID":20, "StaffId":"ALK140329", "FirstName":"Yasir", "LastName":"Muhammad", "Email":"jablani@gmail.com", "PhoneNumber":"09034849334", "Pin":"treAp", "Post":"Hawker"},
 {"ID":21, "StaffId":"AWM33577", "FirstName":"Abdulsalam", "LastName":"Ahmad A", "Email":"treehays@gmail.com", "PhoneNumber":"08064671994", "Pin":"TeAm", "Post":"Developer"}]